{"read_length":150,"depth_mean":29.9453433318766,"depth_sd":5.267655290623327,"insert_size_mean":449.66899021868335,"insert_size_sd":50.64869104904547,"depth_distr":[1.0085819227222514e-7,0.00010176591600267516,0.00010166505781040293,0.00010337964707903077,0.00009470584254361941,0.00009944617758041398,0.00010620367646265306,0.00010398479623266411,0.00008946121654546369,0.00010660710923174197,0.00009440326796680273,0.00010065647588768068,0.00011901266688122566,0.00032355308080929824,0.0004993489099397867,0.0017290119901227556,0.002231386645830709,0.003916727038699591,0.006062182504714364,0.00870910490270664,0.011746348504792429,0.016350020691058145,0.0229503825097371,0.028827490231631933,0.03873166385457217,0.0504914264989368,0.05949513818127061,0.06873052113125372,0.07400913634020517,0.0746005687796895,0.07489840302146938,0.0740199281667783,0.06762652735864196,0.06018470564183582,0.05427744132045159,0.04906155990709347,0.04016304331929959,0.031875223085714034,0.02377298192590937,0.016932577609622516,0.013546566378659374,0.010249612931472607,0.007346510725108879,0.005419514103555746],"insert_distr":[4.993954954347174e-7,4.993954954347174e-7,4.993954954347174e-7,4.993954954347174e-7,4.993954954347174e-7,4.993954954347174e-7,4.993954954347174e-7,4.993954954347174e-7,4.993954954347174e-7,4.993954954347174e-7,4.993954954347174e-7,4.993954954347174e-7,4.993954954347174e-7,4.993954954347174e-7,4.993954954347174e-7,4.993954954347174e-7,4.993954954347174e-7,4.993954954347174e-7,4.993954954347174e-7,4.993954954347174e-7,4.993954954347174e-7,4.993954954347174e-7,4.993954954347174e-7,4.993954954347174e-7,4.993954954347174e-7,4.993954954347174e-7,4.993954954347174e-7,4.993954954347174e-7,4.993954954347174e-7,4.993954954347174e-7,4.993954954347174e-7,4.993954954347174e-7,4.993954954347174e-7,4.993954954347174e-7,4.993954954347174e-7,4.993954954347174e-7,4.993954954347174e-7,4.993954954347174e-7,4.993954954347174e-7,4.993954954347174e-7,4.993954954347174e-7,4.993954954347174e-7,4.993954954347174e-7,4.993954954347174e-7,4.993954954347174e-7,4.993954954347174e-7,4.993954954347174e-7,4.993954954347174e-7,4.993954954347174e-7,4.993954954347174e-7,4.993954954347174e-7,4.993954954347174e-7,4.993954954347174e-7,4.993954954347174e-7,4.993954954347174e-7,4.993954954347174e-7,4.993954954347174e-7,4.993954954347174e-7,4.993954954347174e-7,4.993954954347174e-7,4.993954954347174e-7,4.993954954347174e-7,4.993954954347174e-7,4.993954954347174e-7,4.993954954347174e-7,4.993954954347174e-7,4.993954954347174e-7,4.993954954347174e-7,4.993954954347174e-7,4.993954954347174e-7,4.993954954347174e-7,4.993954954347174e-7,4.993954954347174e-7,4.993954954347174e-7,4.993954954347174e-7,4.993954954347174e-7,4.993954954347174e-7,4.993954954347174e-7,4.993954954347174e-7,4.993954954347174e-7,4.993954954347174e-7,4.993954954347174e-7,4.993954954347174e-7,4.993954954347174e-7,4.993954954347174e-7,4.993954954347174e-7,4.993954954347174e-7,4.993954954347174e-7,4.993954954347174e-7,4.993954954347174e-7,4.993954954347174e-7,4.993954954347174e-7,4.993954954347174e-7,4.993954954347174e-7,4.993954954347174e-7,4.993954954347174e-7,4.993954954347174e-7,4.993954954347174e-7,4.993954954347174e-7,4.993954954347174e-7,4.993954954347174e-7,4.993954954347174e-7,4.993954954347174e-7,4.993954954347174e-7,4.993954954347174e-7,4.993954954347174e-7,4.993954954347174e-7,4.993954954347174e-7,4.993954954347174e-7,4.993954954347174e-7,4.993954954347174e-7,4.993954954347174e-7,4.993954954347174e-7,4.993954954347174e-7,4.993954954347174e-7,4.993954954347174e-7,4.993954954347174e-7,4.993954954347174e-7,4.993954954347174e-7,4.993954954347174e-7,4.993954954347174e-7,4.993954954347174e-7,4.993954954347174e-7,4.993954954347174e-7,4.993954954347174e-7,4.993954954347174e-7,4.993954954347174e-7,4.993954954347174e-7,4.993954954347174e-7,4.993954954347174e-7,4.993954954347174e-7,4.993954954347174e-7,4.993954954347174e-7,4.993954954347174e-7,4.993954954347174e-7,4.993954954347174e-7,4.993954954347174e-7,4.993954954347174e-7,4.993954954347174e-7,4.993954954347174e-7,4.993954954347174e-7,4.993954954347174e-7,4.993954954347174e-7,4.993954954347174e-7,4.993954954347174e-7,4.993954954347174e-7,4.993954954347174e-7,4.993954954347174e-7,4.993954954347174e-7,4.993954954347174e-7,4.993954954347174e-7,4.993954954347174e-7,4.993954954347174e-7,4.993954954347174e-7,4.993954954347174e-7,4.993954954347174e-7,4.993954954347174e-7,4.993954954347174e-7,4.993954954347174e-7,4.993954954347174e-7,4.993954954347174e-7,4.993954954347174e-7,4.993954954347174e-7,4.993954954347174e-7,4.993954954347174e-7,4.993954954347174e-7,4.993954954347174e-7,4.993954954347174e-7,4.993954954347174e-7,4.993954954347174e-7,4.993954954347174e-7,4.993954954347174e-7,4.993954954347174e-7,4.993954954347174e-7,4.993954954347174e-7,4.993954954347174e-7,4.993954954347174e-7,4.993954954347174e-7,4.993954954347174e-7,4.993954954347174e-7,4.993954954347174e-7,4.993954954347174e-7,4.993954954347174e-7,4.993954954347174e-7,4.993954954347174e-7,4.993954954347174e-7,4.993954954347174e-7,4.993954954347174e-7,4.993954954347174e-7,4.993954954347174e-7,4.993954954347174e-7,4.993954954347174e-7,4.993954954347174e-7,4.993954954347174e-7,4.993954954347174e-7,4.993954954347174e-7,4.993954954347174e-7,4.993954954347174e-7,4.993954954347174e-7,4.993954954347174e-7,4.993954954347174e-7,4.993954954347174e-7,4.993954954347174e-7,5.363576717023769e-7,5.594952788533819e-7,5.944394601652687e-7,6.455837384194252e-7,7.180893668545841e-7,8.175932007802403e-7,9.496869845899375e-7,1.1191599979216776e-6,1.329047414204236e-6,1.5795886238528281e-6,1.8672602611871977e-6,2.1840900804689814e-6,2.554424117115577e-6,2.9106759742024542e-6,3.258676227980655e-6,3.581853090624703e-6,3.865513214852803e-6,4.0989301928319575e-6,4.276916058828879e-6,4.4004969899733955e-6,4.476471262202455e-6,4.515857976058106e-6,4.531497029002584e-6,4.562253164493445e-6,4.579401228156742e-6,4.604652870071356e-6,4.638214446381421e-6,4.675504502194608e-6,4.745717763372346e-6,4.78930956047537e-6,4.824388110374911e-6,4.850764336518414e-6,4.87274807001789e-6,4.898592074969537e-6,4.938794764210887e-6,5.04059115810871e-6,5.160537726908583e-6,5.304220014122874e-6,5.524789897034239e-6,5.7805964893456585e-6,6.060687569160713e-6,6.349509406620396e-6,6.629064259090037e-6,6.881133880793737e-6,7.089182970380767e-6,7.324691342144472e-6,7.56370937893032e-6,7.717765738254091e-6,7.99239432930119e-6,8.214585369178078e-6,8.651688802774222e-6,9.183653975991426e-6,9.965829557185376e-6,0.000011007427875872228,0.000012386595799512423,0.000014144358998712268,0.000016334415213108846,0.000018889529832849433,0.00002177886259544895,0.000024907275117075447,0.0000282076768394028,0.000031435884952596906,0.000034475492542311784,0.00003724104191453631,0.00003944281978375048,0.000040990462377726966,0.00004194103560838557,0.000042241018799758934,0.00004198557546574579,0.000041302102054999094,0.000040405790821182624,0.00003946449261289636,0.000038787762740155256,0.00003836625320056405,0.00003831258014795249,0.0000387195795145749,0.000039629192169954736,0.00004103726404861298,0.0000428784061125901,0.00004529217083726079,0.00004826099993536086,0.00005155334856001858,0.00005528534699702845,0.00005942115153090072,0.00006410126367786824,0.00006916240424316742,0.00007472923425085748,0.00008060915280710376,0.00008683143238693048,0.00009322436232450902,0.0000999583265711672,0.00010666763516446341,0.0001135892046316725,0.00012063423549674081,0.0001275386379200297,0.00013442050283632233,0.00014139288522537307,0.00014805033739888497,0.00015444276228797297,0.0001604817363746752,0.0001657759394468179,0.00017058454951116416,0.00017501985296832493,0.00017886939933538207,0.0001828312259352222,0.00018622462646546782,0.0001894575752498693,0.00019317819243043412,0.00019700277724855325,0.00020140252017674008,0.00020667800665052674,0.00021269261760503819,0.0002201098155371032,0.00022805197202962102,0.00023685480354814498,0.0002466301701224093,0.0002572860088602057,0.00026867999793934885,